{"ProjectBreakpoints":"{\"Value\":{\"Get in queue and self-assign.xaml\":[{\"ConditionalExpression\":null,\"ActionExpression\":null,\"ExpectedHitCounter\":null,\"ShouldContinueAfterAction\":false,\"IsEnabled\":false,\"ActivityIdRef\":\"GetValue_9\",\"ActivityId\":null,\"ActivityName\":\"Get Text 'INPUT '\"}],\"Main.xaml\":[{\"ConditionalExpression\":null,\"ActionExpression\":null,\"ExpectedHitCounter\":null,\"ShouldContinueAfterAction\":false,\"IsEnabled\":true,\"ActivityIdRef\":\"InvokeWorkflowFile_24\",\"ActivityId\":\"1.139\",\"ActivityName\":\"Invoke Process workflow\"}]}}","OpenedDocuments":"[\"Framework/InitAllSettings.xaml\",\"Process.xaml\",\"Main.xaml\"]","ProjectWatches":"{\"Value\":[{\"Id\":\"9a065e08-6fe7-437c-a709-4f5fb8887bfe\",\"Expression\":\"index\"}]}","LibraryProjectSettings":"{\"IncludeSourcesByDefault\":true,\"UseCSharpCompiler\":false,\"DefaultActivitiesRootCategories\":[null]}"}