{
  "version": 3,
  "targets": {
    ".NETFramework,Version=v4.6.1": {
      "AvalonEdit/5.0.3": {
        "type": "package",
        "compile": {
          "lib/Net40/_._": {}
        },
        "runtime": {
          "lib/Net40/ICSharpCode.AvalonEdit.dll": {}
        }
      },
      "ClosedXML/0.87.1": {
        "type": "package",
        "dependencies": {
          "DocumentFormat.OpenXml": "2.5.0"
        },
        "compile": {
          "lib/net40/_._": {}
        },
        "runtime": {
          "lib/net40/ClosedXML.dll": {}
        }
      },
      "CsvHelper/2.13.5": {
        "type": "package",
        "compile": {
          "lib/net40-client/_._": {}
        },
        "runtime": {
          "lib/net40-client/CsvHelper.dll": {}
        }
      },
      "DocumentFormat.OpenXml/2.5.0": {
        "type": "package",
        "compile": {
          "lib/_._": {}
        },
        "runtime": {
          "lib/DocumentFormat.OpenXml.dll": {}
        }
      },
      "Extended.Wpf.Toolkit/2.8.0": {
        "type": "package",
        "frameworkAssemblies": [
          "PresentationCore",
          "PresentationFramework",
          "System",
          "System.Xaml",
          "WindowsBase"
        ],
        "compile": {
          "lib/net40/_._": {}
        },
        "runtime": {
          "lib/net40/Xceed.Wpf.AvalonDock.Themes.Aero.dll": {},
          "lib/net40/Xceed.Wpf.AvalonDock.Themes.Metro.dll": {},
          "lib/net40/Xceed.Wpf.AvalonDock.Themes.VS2010.dll": {},
          "lib/net40/Xceed.Wpf.AvalonDock.dll": {},
          "lib/net40/Xceed.Wpf.DataGrid.dll": {},
          "lib/net40/Xceed.Wpf.Toolkit.dll": {}
        },
        "resource": {
          "lib/net40/de/Xceed.Wpf.AvalonDock.resources.dll": {
            "locale": "de"
          },
          "lib/net40/es/Xceed.Wpf.AvalonDock.resources.dll": {
            "locale": "es"
          },
          "lib/net40/fr/Xceed.Wpf.AvalonDock.resources.dll": {
            "locale": "fr"
          },
          "lib/net40/hu/Xceed.Wpf.AvalonDock.resources.dll": {
            "locale": "hu"
          },
          "lib/net40/it/Xceed.Wpf.AvalonDock.resources.dll": {
            "locale": "it"
          },
          "lib/net40/pt-BR/Xceed.Wpf.AvalonDock.resources.dll": {
            "locale": "pt-BR"
          },
          "lib/net40/ro/Xceed.Wpf.AvalonDock.resources.dll": {
            "locale": "ro"
          },
          "lib/net40/ru/Xceed.Wpf.AvalonDock.resources.dll": {
            "locale": "ru"
          },
          "lib/net40/sv/Xceed.Wpf.AvalonDock.resources.dll": {
            "locale": "sv"
          },
          "lib/net40/zh-Hans/Xceed.Wpf.AvalonDock.resources.dll": {
            "locale": "zh-Hans"
          }
        }
      },
      "Humanizer.Core/2.4.2": {
        "type": "package",
        "compile": {
          "lib/netstandard2.0/_._": {}
        },
        "runtime": {
          "lib/netstandard2.0/Humanizer.dll": {}
        }
      },
      "Microsoft.AspNet.SignalR.Client/2.4.0": {
        "type": "package",
        "dependencies": {
          "Newtonsoft.Json": "6.0.4"
        },
        "frameworkAssemblies": [
          "System.Net.Http",
          "System.Net.Http.WebRequest"
        ],
        "compile": {
          "lib/net45/_._": {}
        },
        "runtime": {
          "lib/net45/Microsoft.AspNet.SignalR.Client.dll": {}
        }
      },
      "Microsoft.Rest.ClientRuntime/2.3.20": {
        "type": "package",
        "dependencies": {
          "Newtonsoft.Json": "10.0.3"
        },
        "frameworkAssemblies": [
          "System.Net",
          "System.Net.Http",
          "System.Net.Http.WebRequest",
          "System.Runtime",
          "System.Runtime.Serialization"
        ],
        "compile": {
          "lib/net461/_._": {}
        },
        "runtime": {
          "lib/net461/Microsoft.Rest.ClientRuntime.dll": {}
        }
      },
      "Microsoft.VisualStudio.OLE.Interop/7.10.6071": {
        "type": "package",
        "compile": {
          "lib/_._": {}
        },
        "runtime": {
          "lib/Microsoft.VisualStudio.OLE.Interop.dll": {}
        }
      },
      "Newtonsoft.Json/11.0.2": {
        "type": "package",
        "compile": {
          "lib/net45/_._": {}
        },
        "runtime": {
          "lib/net45/Newtonsoft.Json.dll": {}
        }
      },
      "NPOI/2.4.1": {
        "type": "package",
        "dependencies": {
          "SharpZipLib": "1.0.0"
        },
        "compile": {
          "lib/net45/_._": {}
        },
        "runtime": {
          "lib/net45/NPOI.OOXML.dll": {},
          "lib/net45/NPOI.OpenXml4Net.dll": {},
          "lib/net45/NPOI.OpenXmlFormats.dll": {},
          "lib/net45/NPOI.dll": {}
        }
      },
      "SharpZipLib/1.0.0": {
        "type": "package",
        "compile": {
          "lib/net45/_._": {}
        },
        "runtime": {
          "lib/net45/ICSharpCode.SharpZipLib.dll": {}
        }
      },
      "System.IO.Abstractions/3.0.10": {
        "type": "package",
        "frameworkAssemblies": [
          "Microsoft.CSharp",
          "System"
        ],
        "compile": {
          "lib/net40/_._": {}
        },
        "runtime": {
          "lib/net40/System.IO.Abstractions.dll": {}
        }
      },
      "System.Threading.Tasks.Dataflow/4.10.0": {
        "type": "package",
        "compile": {
          "lib/netstandard2.0/_._": {}
        },
        "runtime": {
          "lib/netstandard2.0/System.Threading.Tasks.Dataflow.dll": {}
        }
      },
      "System.ValueTuple/4.5.0": {
        "type": "package",
        "frameworkAssemblies": [
          "System",
          "mscorlib"
        ],
        "compile": {
          "ref/net461/_._": {}
        },
        "runtime": {
          "lib/net461/System.ValueTuple.dll": {}
        }
      },
      "UiPath/20.4.7422.14731": {
        "type": "package",
        "compile": {
          "lib/_._": {}
        },
        "runtime": {
          "lib/UiPath.Interop.dll": {}
        },
        "build": {
          "build/_._": {}
        }
      },
      "UiPath.Excel.Activities/2.8.5": {
        "type": "package",
        "dependencies": {
          "ClosedXML": "0.87.1",
          "CsvHelper": "2.13.5",
          "DocumentFormat.OpenXml": "2.5.0",
          "Microsoft.VisualStudio.OLE.Interop": "7.10.6071",
          "NPOI": "2.4.1",
          "SharpZipLib": "1.0.0"
        },
        "compile": {
          "lib/net461/_._": {}
        },
        "runtime": {
          "lib/net461/UiPath.Excel.Activities.Design.dll": {},
          "lib/net461/UiPath.Excel.Activities.dll": {},
          "lib/net461/UiPath.Excel.dll": {}
        },
        "resource": {
          "lib/net461/de/UiPath.Excel.Activities.Design.resources.dll": {
            "locale": "de"
          },
          "lib/net461/de/UiPath.Excel.Activities.resources.dll": {
            "locale": "de"
          },
          "lib/net461/de/UiPath.Excel.resources.dll": {
            "locale": "de"
          },
          "lib/net461/es-MX/UiPath.Excel.Activities.Design.resources.dll": {
            "locale": "es-MX"
          },
          "lib/net461/es-MX/UiPath.Excel.Activities.resources.dll": {
            "locale": "es-MX"
          },
          "lib/net461/es-MX/UiPath.Excel.resources.dll": {
            "locale": "es-MX"
          },
          "lib/net461/es/UiPath.Excel.Activities.Design.resources.dll": {
            "locale": "es"
          },
          "lib/net461/es/UiPath.Excel.Activities.resources.dll": {
            "locale": "es"
          },
          "lib/net461/es/UiPath.Excel.resources.dll": {
            "locale": "es"
          },
          "lib/net461/fr/UiPath.Excel.Activities.Design.resources.dll": {
            "locale": "fr"
          },
          "lib/net461/fr/UiPath.Excel.Activities.resources.dll": {
            "locale": "fr"
          },
          "lib/net461/fr/UiPath.Excel.resources.dll": {
            "locale": "fr"
          },
          "lib/net461/ja/UiPath.Excel.Activities.Design.resources.dll": {
            "locale": "ja"
          },
          "lib/net461/ja/UiPath.Excel.Activities.resources.dll": {
            "locale": "ja"
          },
          "lib/net461/ja/UiPath.Excel.resources.dll": {
            "locale": "ja"
          },
          "lib/net461/ko/UiPath.Excel.Activities.Design.resources.dll": {
            "locale": "ko"
          },
          "lib/net461/ko/UiPath.Excel.Activities.resources.dll": {
            "locale": "ko"
          },
          "lib/net461/ko/UiPath.Excel.resources.dll": {
            "locale": "ko"
          },
          "lib/net461/pt-BR/UiPath.Excel.Activities.Design.resources.dll": {
            "locale": "pt-BR"
          },
          "lib/net461/pt-BR/UiPath.Excel.Activities.resources.dll": {
            "locale": "pt-BR"
          },
          "lib/net461/pt-BR/UiPath.Excel.resources.dll": {
            "locale": "pt-BR"
          },
          "lib/net461/pt/UiPath.Excel.Activities.Design.resources.dll": {
            "locale": "pt"
          },
          "lib/net461/pt/UiPath.Excel.Activities.resources.dll": {
            "locale": "pt"
          },
          "lib/net461/pt/UiPath.Excel.resources.dll": {
            "locale": "pt"
          },
          "lib/net461/ru/UiPath.Excel.Activities.Design.resources.dll": {
            "locale": "ru"
          },
          "lib/net461/ru/UiPath.Excel.Activities.resources.dll": {
            "locale": "ru"
          },
          "lib/net461/ru/UiPath.Excel.resources.dll": {
            "locale": "ru"
          },
          "lib/net461/tr/UiPath.Excel.Activities.Design.resources.dll": {
            "locale": "tr"
          },
          "lib/net461/tr/UiPath.Excel.Activities.resources.dll": {
            "locale": "tr"
          },
          "lib/net461/tr/UiPath.Excel.resources.dll": {
            "locale": "tr"
          },
          "lib/net461/zh-CN/UiPath.Excel.Activities.Design.resources.dll": {
            "locale": "zh-CN"
          },
          "lib/net461/zh-CN/UiPath.Excel.Activities.resources.dll": {
            "locale": "zh-CN"
          },
          "lib/net461/zh-CN/UiPath.Excel.resources.dll": {
            "locale": "zh-CN"
          }
        }
      },
      "UiPath.OCR.Contracts/2.6.0": {
        "type": "package",
        "compile": {
          "lib/net461/_._": {}
        },
        "runtime": {
          "lib/net461/UiPath.OCR.Contracts.dll": {}
        }
      },
      "UiPath.Platform/20.4.0": {
        "type": "package",
        "dependencies": {
          "Newtonsoft.Json": "11.0.2",
          "System.IO.Abstractions": "3.0.10",
          "System.ValueTuple": "4.5.0"
        },
        "compile": {
          "lib/net461/_._": {}
        },
        "runtime": {
          "lib/net461/UiPath.Platform.dll": {}
        }
      },
      "UiPath.System.Activities/20.4.0": {
        "type": "package",
        "dependencies": {
          "CsvHelper": "2.13.5",
          "Microsoft.AspNet.SignalR.Client": "2.4.0",
          "Microsoft.Rest.ClientRuntime": "2.3.20",
          "Newtonsoft.Json": "11.0.2"
        },
        "compile": {
          "lib/net461/_._": {}
        },
        "runtime": {
          "lib/net461/ActiproSoftware.Docking.Wpf.dll": {},
          "lib/net461/ActiproSoftware.Ribbon.Wpf.dll": {},
          "lib/net461/ActiproSoftware.Shared.Wpf.dll": {},
          "lib/net461/ActiproSoftware.SyntaxEditor.Addons.DotNet.Wpf.dll": {},
          "lib/net461/ActiproSoftware.SyntaxEditor.Wpf.dll": {},
          "lib/net461/ActiproSoftware.Text.Addons.DotNet.Wpf.dll": {},
          "lib/net461/ActiproSoftware.Text.LLParser.Wpf.dll": {},
          "lib/net461/ActiproSoftware.Text.Wpf.dll": {},
          "lib/net461/ActiproSoftware.Wizard.Wpf.dll": {},
          "lib/net461/CustomInputForm.exe": {},
          "lib/net461/UiPath.OrchestratorClient.dll": {},
          "lib/net461/UiPath.System.Activities.Design.dll": {},
          "lib/net461/UiPath.System.Activities.dll": {}
        },
        "resource": {
          "lib/net461/de/UiPath.System.Activities.Design.resources.dll": {
            "locale": "de"
          },
          "lib/net461/de/UiPath.System.Activities.resources.dll": {
            "locale": "de"
          },
          "lib/net461/es-MX/UiPath.System.Activities.Design.resources.dll": {
            "locale": "es-MX"
          },
          "lib/net461/es-MX/UiPath.System.Activities.resources.dll": {
            "locale": "es-MX"
          },
          "lib/net461/es/UiPath.System.Activities.Design.resources.dll": {
            "locale": "es"
          },
          "lib/net461/es/UiPath.System.Activities.resources.dll": {
            "locale": "es"
          },
          "lib/net461/fr/UiPath.System.Activities.Design.resources.dll": {
            "locale": "fr"
          },
          "lib/net461/fr/UiPath.System.Activities.resources.dll": {
            "locale": "fr"
          },
          "lib/net461/ja/UiPath.System.Activities.Design.resources.dll": {
            "locale": "ja"
          },
          "lib/net461/ja/UiPath.System.Activities.resources.dll": {
            "locale": "ja"
          },
          "lib/net461/ko/UiPath.System.Activities.Design.resources.dll": {
            "locale": "ko"
          },
          "lib/net461/ko/UiPath.System.Activities.resources.dll": {
            "locale": "ko"
          },
          "lib/net461/pt-BR/UiPath.System.Activities.Design.resources.dll": {
            "locale": "pt-BR"
          },
          "lib/net461/pt-BR/UiPath.System.Activities.resources.dll": {
            "locale": "pt-BR"
          },
          "lib/net461/pt/UiPath.System.Activities.Design.resources.dll": {
            "locale": "pt"
          },
          "lib/net461/pt/UiPath.System.Activities.resources.dll": {
            "locale": "pt"
          },
          "lib/net461/ru/UiPath.System.Activities.Design.resources.dll": {
            "locale": "ru"
          },
          "lib/net461/ru/UiPath.System.Activities.resources.dll": {
            "locale": "ru"
          },
          "lib/net461/tr/UiPath.System.Activities.Design.resources.dll": {
            "locale": "tr"
          },
          "lib/net461/tr/UiPath.System.Activities.resources.dll": {
            "locale": "tr"
          },
          "lib/net461/zh-CN/UiPath.System.Activities.Design.resources.dll": {
            "locale": "zh-CN"
          },
          "lib/net461/zh-CN/UiPath.System.Activities.resources.dll": {
            "locale": "zh-CN"
          }
        }
      },
      "UiPath.Telemetry.Client/1.1.51": {
        "type": "package",
        "dependencies": {
          "Newtonsoft.Json": "11.0.1",
          "System.Threading.Tasks.Dataflow": "4.10.0"
        },
        "compile": {
          "lib/net461/_._": {}
        },
        "runtime": {
          "lib/net461/TelemetryClient.dll": {}
        }
      },
      "UiPath.UIAutomation.Activities/20.4.1": {
        "type": "package",
        "dependencies": {
          "AvalonEdit": "5.0.3",
          "Extended.Wpf.Toolkit": "2.8.0",
          "Humanizer.Core": "2.4.2",
          "Newtonsoft.Json": "11.0.2",
          "System.IO.Abstractions": "3.0.10",
          "System.ValueTuple": "4.5.0",
          "UiPath": "[20.4.7422.14731]",
          "UiPath.OCR.Contracts": "2.6.0",
          "UiPath.Platform": "20.4.0",
          "UiPath.Telemetry.Client": "1.1.51",
          "UiPath.Vision": "2.0.3"
        },
        "compile": {
          "lib/net461/_._": {}
        },
        "runtime": {
          "lib/net461/ActiproSoftware.DataGrid.Contrib.Wpf.dll": {},
          "lib/net461/ActiproSoftware.Docking.Wpf.dll": {},
          "lib/net461/ActiproSoftware.Editors.Wpf.dll": {},
          "lib/net461/ActiproSoftware.Ribbon.Wpf.dll": {},
          "lib/net461/ActiproSoftware.Shared.Wpf.dll": {},
          "lib/net461/ActiproSoftware.SyntaxEditor.Addons.DotNet.Wpf.dll": {},
          "lib/net461/ActiproSoftware.SyntaxEditor.Wpf.dll": {},
          "lib/net461/ActiproSoftware.Text.Addons.DotNet.Wpf.dll": {},
          "lib/net461/ActiproSoftware.Text.LLParser.Wpf.dll": {},
          "lib/net461/ActiproSoftware.Text.Wpf.dll": {},
          "lib/net461/ActiproSoftware.Wizard.Wpf.dll": {},
          "lib/net461/UiPath.CV.Activities.Design.dll": {},
          "lib/net461/UiPath.CV.Activities.dll": {},
          "lib/net461/UiPath.CV.dll": {},
          "lib/net461/UiPath.UIAutomation.Activities.Design.dll": {},
          "lib/net461/UiPath.UiAutomation.Activities.dll": {},
          "lib/net461/UiPath.Wizards.dll": {}
        },
        "resource": {
          "lib/net461/de/UiPath.CV.Activities.Design.resources.dll": {
            "locale": "de"
          },
          "lib/net461/de/UiPath.CV.Activities.resources.dll": {
            "locale": "de"
          },
          "lib/net461/de/UiPath.CV.resources.dll": {
            "locale": "de"
          },
          "lib/net461/de/UiPath.UIAutomation.Activities.Design.resources.dll": {
            "locale": "de"
          },
          "lib/net461/de/UiPath.UiAutomation.Activities.resources.dll": {
            "locale": "de"
          },
          "lib/net461/de/UiPath.Wizards.resources.dll": {
            "locale": "de"
          },
          "lib/net461/es-MX/UiPath.CV.Activities.Design.resources.dll": {
            "locale": "es-MX"
          },
          "lib/net461/es-MX/UiPath.CV.Activities.resources.dll": {
            "locale": "es-MX"
          },
          "lib/net461/es-MX/UiPath.CV.resources.dll": {
            "locale": "es-MX"
          },
          "lib/net461/es-MX/UiPath.UIAutomation.Activities.Design.resources.dll": {
            "locale": "es-MX"
          },
          "lib/net461/es-MX/UiPath.UiAutomation.Activities.resources.dll": {
            "locale": "es-MX"
          },
          "lib/net461/es-MX/UiPath.Wizards.resources.dll": {
            "locale": "es-MX"
          },
          "lib/net461/es/UiPath.CV.Activities.Design.resources.dll": {
            "locale": "es"
          },
          "lib/net461/es/UiPath.CV.Activities.resources.dll": {
            "locale": "es"
          },
          "lib/net461/es/UiPath.CV.resources.dll": {
            "locale": "es"
          },
          "lib/net461/es/UiPath.UIAutomation.Activities.Design.resources.dll": {
            "locale": "es"
          },
          "lib/net461/es/UiPath.UiAutomation.Activities.resources.dll": {
            "locale": "es"
          },
          "lib/net461/es/UiPath.Wizards.resources.dll": {
            "locale": "es"
          },
          "lib/net461/fr/UiPath.CV.Activities.Design.resources.dll": {
            "locale": "fr"
          },
          "lib/net461/fr/UiPath.CV.Activities.resources.dll": {
            "locale": "fr"
          },
          "lib/net461/fr/UiPath.CV.resources.dll": {
            "locale": "fr"
          },
          "lib/net461/fr/UiPath.UIAutomation.Activities.Design.resources.dll": {
            "locale": "fr"
          },
          "lib/net461/fr/UiPath.UiAutomation.Activities.resources.dll": {
            "locale": "fr"
          },
          "lib/net461/fr/UiPath.Wizards.resources.dll": {
            "locale": "fr"
          },
          "lib/net461/ja/UiPath.CV.Activities.Design.resources.dll": {
            "locale": "ja"
          },
          "lib/net461/ja/UiPath.CV.Activities.resources.dll": {
            "locale": "ja"
          },
          "lib/net461/ja/UiPath.CV.resources.dll": {
            "locale": "ja"
          },
          "lib/net461/ja/UiPath.UIAutomation.Activities.Design.resources.dll": {
            "locale": "ja"
          },
          "lib/net461/ja/UiPath.UiAutomation.Activities.resources.dll": {
            "locale": "ja"
          },
          "lib/net461/ja/UiPath.Wizards.resources.dll": {
            "locale": "ja"
          },
          "lib/net461/ko/UiPath.CV.Activities.Design.resources.dll": {
            "locale": "ko"
          },
          "lib/net461/ko/UiPath.CV.Activities.resources.dll": {
            "locale": "ko"
          },
          "lib/net461/ko/UiPath.CV.resources.dll": {
            "locale": "ko"
          },
          "lib/net461/ko/UiPath.UIAutomation.Activities.Design.resources.dll": {
            "locale": "ko"
          },
          "lib/net461/ko/UiPath.UiAutomation.Activities.resources.dll": {
            "locale": "ko"
          },
          "lib/net461/ko/UiPath.Wizards.resources.dll": {
            "locale": "ko"
          },
          "lib/net461/pt-BR/UiPath.CV.Activities.Design.resources.dll": {
            "locale": "pt-BR"
          },
          "lib/net461/pt-BR/UiPath.CV.Activities.resources.dll": {
            "locale": "pt-BR"
          },
          "lib/net461/pt-BR/UiPath.CV.resources.dll": {
            "locale": "pt-BR"
          },
          "lib/net461/pt-BR/UiPath.UIAutomation.Activities.Design.resources.dll": {
            "locale": "pt-BR"
          },
          "lib/net461/pt-BR/UiPath.UiAutomation.Activities.resources.dll": {
            "locale": "pt-BR"
          },
          "lib/net461/pt-BR/UiPath.Wizards.resources.dll": {
            "locale": "pt-BR"
          },
          "lib/net461/pt/UiPath.CV.Activities.Design.resources.dll": {
            "locale": "pt"
          },
          "lib/net461/pt/UiPath.CV.Activities.resources.dll": {
            "locale": "pt"
          },
          "lib/net461/pt/UiPath.CV.resources.dll": {
            "locale": "pt"
          },
          "lib/net461/pt/UiPath.UIAutomation.Activities.Design.resources.dll": {
            "locale": "pt"
          },
          "lib/net461/pt/UiPath.UiAutomation.Activities.resources.dll": {
            "locale": "pt"
          },
          "lib/net461/pt/UiPath.Wizards.resources.dll": {
            "locale": "pt"
          },
          "lib/net461/ru/UiPath.CV.Activities.Design.resources.dll": {
            "locale": "ru"
          },
          "lib/net461/ru/UiPath.CV.Activities.resources.dll": {
            "locale": "ru"
          },
          "lib/net461/ru/UiPath.CV.resources.dll": {
            "locale": "ru"
          },
          "lib/net461/ru/UiPath.UIAutomation.Activities.Design.resources.dll": {
            "locale": "ru"
          },
          "lib/net461/ru/UiPath.UiAutomation.Activities.resources.dll": {
            "locale": "ru"
          },
          "lib/net461/ru/UiPath.Wizards.resources.dll": {
            "locale": "ru"
          },
          "lib/net461/tr/UiPath.CV.Activities.Design.resources.dll": {
            "locale": "tr"
          },
          "lib/net461/tr/UiPath.CV.Activities.resources.dll": {
            "locale": "tr"
          },
          "lib/net461/tr/UiPath.CV.resources.dll": {
            "locale": "tr"
          },
          "lib/net461/tr/UiPath.UIAutomation.Activities.Design.resources.dll": {
            "locale": "tr"
          },
          "lib/net461/tr/UiPath.UiAutomation.Activities.resources.dll": {
            "locale": "tr"
          },
          "lib/net461/tr/UiPath.Wizards.resources.dll": {
            "locale": "tr"
          },
          "lib/net461/zh-CN/UiPath.CV.Activities.Design.resources.dll": {
            "locale": "zh-CN"
          },
          "lib/net461/zh-CN/UiPath.CV.Activities.resources.dll": {
            "locale": "zh-CN"
          },
          "lib/net461/zh-CN/UiPath.CV.resources.dll": {
            "locale": "zh-CN"
          },
          "lib/net461/zh-CN/UiPath.UIAutomation.Activities.Design.resources.dll": {
            "locale": "zh-CN"
          },
          "lib/net461/zh-CN/UiPath.UiAutomation.Activities.resources.dll": {
            "locale": "zh-CN"
          },
          "lib/net461/zh-CN/UiPath.Wizards.resources.dll": {
            "locale": "zh-CN"
          }
        }
      },
      "UiPath.Vision/2.0.3": {
        "type": "package",
        "dependencies": {
          "UiPath.OCR.Contracts": "2.6.0"
        },
        "compile": {
          "lib/net461/_._": {}
        },
        "runtime": {
          "lib/net461/UiPath.Vision.Core.dll": {},
          "lib/net461/UiPath.Vision.dll": {}
        }
      }
    }
  },
  "libraries": {
    "AvalonEdit/5.0.3": {
      "sha512": "L5CgXRniZRxI/tjoBztVgZnvTL1F/qKrRJa+Q88I0Gl78WRNaqdMkuOlkAsOHTauBGZSQNDO0/X+xIpzfzmLdQ==",
      "type": "package",
      "path": "avalonedit/5.0.3",
      "files": [
        ".nupkg.metadata",
        ".signature.p7s",
        "avalonedit.5.0.3.nupkg.sha512",
        "avalonedit.nuspec",
        "lib/Net35/ICSharpCode.AvalonEdit.dll",
        "lib/Net35/ICSharpCode.AvalonEdit.xml",
        "lib/Net40/ICSharpCode.AvalonEdit.dll",
        "lib/Net40/ICSharpCode.AvalonEdit.xml"
      ]
    },
    "ClosedXML/0.87.1": {
      "sha512": "2LC0T8bu2G2kt34C4Ig87uZfrRO4MwMVI54e2To7m3DvwAs2Z2Ir86WQuUoW8Txo1uNGSfmu3DpfpQhSX0bIww==",
      "type": "package",
      "path": "closedxml/0.87.1",
      "files": [
        ".nupkg.metadata",
        ".signature.p7s",
        "closedxml.0.87.1.nupkg.sha512",
        "closedxml.nuspec",
        "lib/net35/ClosedXML.dll",
        "lib/net35/ClosedXML.pdb",
        "lib/net35/ClosedXML.xml",
        "lib/net40/ClosedXML.dll",
        "lib/net40/ClosedXML.pdb",
        "lib/net40/ClosedXML.xml"
      ]
    },
    "CsvHelper/2.13.5": {
      "sha512": "fC8DPi/YTcZ8uXFiAeuT9EpsR2TE5cSJ2jg/4tht/Oen6az/djebpYoCQEtI33RfNrSZ533SedOknlWtUTX3fw==",
      "type": "package",
      "path": "csvhelper/2.13.5",
      "files": [
        ".nupkg.metadata",
        ".signature.p7s",
        "csvhelper.2.13.5.nupkg.sha512",
        "csvhelper.nuspec",
        "lib/net20/CsvHelper.dll",
        "lib/net20/CsvHelper.pdb",
        "lib/net20/CsvHelper.xml",
        "lib/net35-client/CsvHelper.dll",
        "lib/net35-client/CsvHelper.pdb",
        "lib/net35-client/CsvHelper.xml",
        "lib/net40-client/CsvHelper.dll",
        "lib/net40-client/CsvHelper.pdb",
        "lib/net40-client/CsvHelper.xml",
        "lib/portable-net40+sl5+win8+wpa+wp8/CsvHelper.dll",
        "lib/portable-net40+sl5+win8+wpa+wp8/CsvHelper.pdb",
        "lib/portable-net40+sl5+win8+wpa+wp8/CsvHelper.xml"
      ]
    },
    "DocumentFormat.OpenXml/2.5.0": {
      "sha512": "H5jnox0hcLwzAjrpNqDPIItjh7dplF1kk1z8LatpI2h75wBgps1MepEttJFKs7xedQReCMHA0tGpNI0H2B+Mrg==",
      "type": "package",
      "path": "documentformat.openxml/2.5.0",
      "files": [
        ".nupkg.metadata",
        ".signature.p7s",
        "documentformat.openxml.2.5.0.nupkg.sha512",
        "documentformat.openxml.nuspec",
        "lib/DocumentFormat.OpenXml.dll"
      ]
    },
    "Extended.Wpf.Toolkit/2.8.0": {
      "sha512": "wKjJl4sDyXTVzgiKTBTw8jT0/3OwpEklQuWGe1Nz2HX0joiBeUzIurY2mnERni+8XHwateRcuks6yk/cuR22fA==",
      "type": "package",
      "path": "extended.wpf.toolkit/2.8.0",
      "hasTools": true,
      "files": [
        ".nupkg.metadata",
        ".signature.p7s",
        "extended.wpf.toolkit.2.8.0.nupkg.sha512",
        "extended.wpf.toolkit.nuspec",
        "lib/net35/WPFToolkit.dll",
        "lib/net35/Xceed.Wpf.Toolkit.dll",
        "lib/net40/Xceed.Wpf.AvalonDock.Themes.Aero.dll",
        "lib/net40/Xceed.Wpf.AvalonDock.Themes.Metro.dll",
        "lib/net40/Xceed.Wpf.AvalonDock.Themes.VS2010.dll",
        "lib/net40/Xceed.Wpf.AvalonDock.dll",
        "lib/net40/Xceed.Wpf.DataGrid.dll",
        "lib/net40/Xceed.Wpf.Toolkit.dll",
        "lib/net40/de/Xceed.Wpf.AvalonDock.resources.dll",
        "lib/net40/es/Xceed.Wpf.AvalonDock.resources.dll",
        "lib/net40/fr/Xceed.Wpf.AvalonDock.resources.dll",
        "lib/net40/hu/Xceed.Wpf.AvalonDock.resources.dll",
        "lib/net40/it/Xceed.Wpf.AvalonDock.resources.dll",
        "lib/net40/pt-BR/Xceed.Wpf.AvalonDock.resources.dll",
        "lib/net40/ro/Xceed.Wpf.AvalonDock.resources.dll",
        "lib/net40/ru/Xceed.Wpf.AvalonDock.resources.dll",
        "lib/net40/sv/Xceed.Wpf.AvalonDock.resources.dll",
        "lib/net40/zh-Hans/Xceed.Wpf.AvalonDock.resources.dll",
        "tools/install.ps1"
      ]
    },
    "Humanizer.Core/2.4.2": {
      "sha512": "1ZKy7LHVYuhmM398hpvyWCcc2Fcx+hqiGYASELDthjWhVrsA6IabYnHRfkQFF6nGG6x4fA1D0StDX/U2Pj+FdQ==",
      "type": "package",
      "path": "humanizer.core/2.4.2",
      "files": [
        ".nupkg.metadata",
        ".signature.p7s",
        "humanizer.core.2.4.2.nupkg.sha512",
        "humanizer.core.nuspec",
        "lib/netstandard1.0/Humanizer.dll",
        "lib/netstandard1.0/Humanizer.xml",
        "lib/netstandard2.0/Humanizer.dll",
        "lib/netstandard2.0/Humanizer.xml"
      ]
    },
    "Microsoft.AspNet.SignalR.Client/2.4.0": {
      "sha512": "xGoQq9dEsBU49U1Whl0To2JyRQePmo8ayYS8VNruLlQaX+fQBzYyLJeMlW9r7mlt8Vc9JP+083m9pKrfYpdDbg==",
      "type": "package",
      "path": "microsoft.aspnet.signalr.client/2.4.0",
      "files": [
        ".nupkg.metadata",
        ".signature.p7s",
        "lib/net40/Microsoft.AspNet.SignalR.Client.dll",
        "lib/net40/Microsoft.AspNet.SignalR.Client.pdb",
        "lib/net40/Microsoft.AspNet.SignalR.Client.xml",
        "lib/net45/Microsoft.AspNet.SignalR.Client.dll",
        "lib/net45/Microsoft.AspNet.SignalR.Client.pdb",
        "lib/net45/Microsoft.AspNet.SignalR.Client.xml",
        "lib/netstandard1.3/Microsoft.AspNet.SignalR.Client.dll",
        "lib/netstandard1.3/Microsoft.AspNet.SignalR.Client.pdb",
        "lib/netstandard1.3/Microsoft.AspNet.SignalR.Client.xml",
        "lib/netstandard2.0/Microsoft.AspNet.SignalR.Client.dll",
        "lib/netstandard2.0/Microsoft.AspNet.SignalR.Client.pdb",
        "lib/netstandard2.0/Microsoft.AspNet.SignalR.Client.xml",
        "microsoft.aspnet.signalr.client.2.4.0.nupkg.sha512",
        "microsoft.aspnet.signalr.client.nuspec"
      ]
    },
    "Microsoft.Rest.ClientRuntime/2.3.20": {
      "sha512": "bw/H1nO4JdnhTagPHWIFQwtlQ6rb2jqw5RTrqPsPqzrjhJxc7P6MyNGdf4pgHQdzdpBSNOfZTEQifoUkxmzYXQ==",
      "type": "package",
      "path": "microsoft.rest.clientruntime/2.3.20",
      "files": [
        ".nupkg.metadata",
        ".signature.p7s",
        "lib/net452/Microsoft.Rest.ClientRuntime.dll",
        "lib/net452/Microsoft.Rest.ClientRuntime.runtimeconfig.json",
        "lib/net452/Microsoft.Rest.ClientRuntime.xml",
        "lib/net461/Microsoft.Rest.ClientRuntime.dll",
        "lib/net461/Microsoft.Rest.ClientRuntime.runtimeconfig.json",
        "lib/net461/Microsoft.Rest.ClientRuntime.xml",
        "lib/netstandard1.4/Microsoft.Rest.ClientRuntime.dll",
        "lib/netstandard1.4/Microsoft.Rest.ClientRuntime.runtimeconfig.json",
        "lib/netstandard1.4/Microsoft.Rest.ClientRuntime.xml",
        "lib/netstandard2.0/Microsoft.Rest.ClientRuntime.dll",
        "lib/netstandard2.0/Microsoft.Rest.ClientRuntime.runtimeconfig.json",
        "lib/netstandard2.0/Microsoft.Rest.ClientRuntime.xml",
        "microsoft.rest.clientruntime.2.3.20.nupkg.sha512",
        "microsoft.rest.clientruntime.nuspec"
      ]
    },
    "Microsoft.VisualStudio.OLE.Interop/7.10.6071": {
      "sha512": "PuINhJH41DbKfkNU+qcyC4Wlt/z0DgI/ViZv6gjUclylnFbUIpCdqm4fK+PKJDfiarHTKnGWkxjKuOIS1Bqs5Q==",
      "type": "package",
      "path": "microsoft.visualstudio.ole.interop/7.10.6071",
      "files": [
        ".nupkg.metadata",
        ".signature.p7s",
        "lib/Microsoft.VisualStudio.OLE.Interop.dll",
        "lib/Microsoft.VisualStudio.OLE.Interop.xml",
        "microsoft.visualstudio.ole.interop.7.10.6071.nupkg.sha512",
        "microsoft.visualstudio.ole.interop.nuspec"
      ]
    },
    "Newtonsoft.Json/11.0.2": {
      "sha512": "IvJe1pj7JHEsP8B8J8DwlMEx8UInrs/x+9oVY+oCD13jpLu4JbJU2WCIsMRn5C4yW9+DgkaO8uiVE5VHKjpmdQ==",
      "type": "package",
      "path": "newtonsoft.json/11.0.2",
      "files": [
        ".nupkg.metadata",
        ".signature.p7s",
        "LICENSE.md",
        "lib/net20/Newtonsoft.Json.dll",
        "lib/net20/Newtonsoft.Json.xml",
        "lib/net35/Newtonsoft.Json.dll",
        "lib/net35/Newtonsoft.Json.xml",
        "lib/net40/Newtonsoft.Json.dll",
        "lib/net40/Newtonsoft.Json.xml",
        "lib/net45/Newtonsoft.Json.dll",
        "lib/net45/Newtonsoft.Json.xml",
        "lib/netstandard1.0/Newtonsoft.Json.dll",
        "lib/netstandard1.0/Newtonsoft.Json.xml",
        "lib/netstandard1.3/Newtonsoft.Json.dll",
        "lib/netstandard1.3/Newtonsoft.Json.xml",
        "lib/netstandard2.0/Newtonsoft.Json.dll",
        "lib/netstandard2.0/Newtonsoft.Json.xml",
        "lib/portable-net40+sl5+win8+wp8+wpa81/Newtonsoft.Json.dll",
        "lib/portable-net40+sl5+win8+wp8+wpa81/Newtonsoft.Json.xml",
        "lib/portable-net45+win8+wp8+wpa81/Newtonsoft.Json.dll",
        "lib/portable-net45+win8+wp8+wpa81/Newtonsoft.Json.xml",
        "newtonsoft.json.11.0.2.nupkg.sha512",
        "newtonsoft.json.nuspec"
      ]
    },
    "NPOI/2.4.1": {
      "sha512": "85790/CY9z4DCU1KLpcdLSqaqaqmQOenTqXJfcsYK8LIKNAAoTgjT5LYLbORgdwAd63sbaJiCfB1SIn/dAXrJw==",
      "type": "package",
      "path": "npoi/2.4.1",
      "files": [
        ".nupkg.metadata",
        ".signature.p7s",
        "LICENSE",
        "Read Me.txt",
        "lib/NPOI.xml",
        "lib/net40/NPOI.OOXML.dll",
        "lib/net40/NPOI.OpenXml4Net.dll",
        "lib/net40/NPOI.OpenXmlFormats.dll",
        "lib/net40/NPOI.dll",
        "lib/net45/NPOI.OOXML.dll",
        "lib/net45/NPOI.OpenXml4Net.dll",
        "lib/net45/NPOI.OpenXmlFormats.dll",
        "lib/net45/NPOI.dll",
        "lib/netstandard2.0/NPOI.OOXML.deps.json",
        "lib/netstandard2.0/NPOI.OOXML.dll",
        "lib/netstandard2.0/NPOI.OpenXml4Net.deps.json",
        "lib/netstandard2.0/NPOI.OpenXml4Net.dll",
        "lib/netstandard2.0/NPOI.OpenXmlFormats.deps.json",
        "lib/netstandard2.0/NPOI.OpenXmlFormats.dll",
        "lib/netstandard2.0/NPOI.deps.json",
        "lib/netstandard2.0/NPOI.dll",
        "logo/120_120.jpg",
        "logo/240_240.png",
        "logo/32_32.jpg",
        "logo/60_60.jpg",
        "npoi.2.4.1.nupkg.sha512",
        "npoi.nuspec"
      ]
    },
    "SharpZipLib/1.0.0": {
      "sha512": "YuYztmY3jEb21F6e5LIPHJjApdtzdCPQ284UzsCKNfkgW71bukFHJES6RbKi+wm053XzFg0LX5/2vj/9gl8F/g==",
      "type": "package",
      "path": "sharpziplib/1.0.0",
      "files": [
        ".nupkg.metadata",
        ".signature.p7s",
        "lib/net45/ICSharpCode.SharpZipLib.dll",
        "lib/net45/ICSharpCode.SharpZipLib.xml",
        "lib/netstandard2.0/ICSharpCode.SharpZipLib.dll",
        "lib/netstandard2.0/ICSharpCode.SharpZipLib.xml",
        "sharpziplib.1.0.0.nupkg.sha512",
        "sharpziplib.nuspec"
      ]
    },
    "System.IO.Abstractions/3.0.10": {
      "sha512": "15N2bCO8DLGzrnDyPwQ0653bTCmyJW4Ajw6yeFkJR74VptVvnGINcU5ibX4isxGkvi+YevK7JyVyjiJh6X91kA==",
      "type": "package",
      "path": "system.io.abstractions/3.0.10",
      "files": [
        ".nupkg.metadata",
        ".signature.p7s",
        "lib/net40/System.IO.Abstractions.dll",
        "lib/net40/System.IO.Abstractions.xml",
        "lib/netstandard1.4/System.IO.Abstractions.dll",
        "lib/netstandard1.4/System.IO.Abstractions.xml",
        "lib/netstandard2.0/System.IO.Abstractions.dll",
        "lib/netstandard2.0/System.IO.Abstractions.xml",
        "system.io.abstractions.3.0.10.nupkg.sha512",
        "system.io.abstractions.nuspec"
      ]
    },
    "System.Threading.Tasks.Dataflow/4.10.0": {
      "sha512": "WPI32A1Tf838Yal/XHWdfKrtY/gQxi3MZG2ERC5ljI6RI1YV7Ype1nxc043pv8A8rDLeXmzs4LxxWfEguJ2Dug==",
      "type": "package",
      "path": "system.threading.tasks.dataflow/4.10.0",
      "files": [
        ".nupkg.metadata",
        ".signature.p7s",
        "LICENSE.TXT",
        "THIRD-PARTY-NOTICES.TXT",
        "lib/netstandard1.0/System.Threading.Tasks.Dataflow.dll",
        "lib/netstandard1.0/System.Threading.Tasks.Dataflow.xml",
        "lib/netstandard1.1/System.Threading.Tasks.Dataflow.dll",
        "lib/netstandard1.1/System.Threading.Tasks.Dataflow.xml",
        "lib/netstandard2.0/System.Threading.Tasks.Dataflow.dll",
        "lib/netstandard2.0/System.Threading.Tasks.Dataflow.xml",
        "lib/portable-net45+win8+wpa81/System.Threading.Tasks.Dataflow.dll",
        "lib/portable-net45+win8+wpa81/System.Threading.Tasks.Dataflow.xml",
        "system.threading.tasks.dataflow.4.10.0.nupkg.sha512",
        "system.threading.tasks.dataflow.nuspec",
        "useSharedDesignerContext.txt",
        "version.txt"
      ]
    },
    "System.ValueTuple/4.5.0": {
      "sha512": "okurQJO6NRE/apDIP23ajJ0hpiNmJ+f0BwOlB/cSqTLQlw5upkf+5+96+iG2Jw40G1fCVCyPz/FhIABUjMR+RQ==",
      "type": "package",
      "path": "system.valuetuple/4.5.0",
      "files": [
        ".nupkg.metadata",
        ".signature.p7s",
        "LICENSE.TXT",
        "THIRD-PARTY-NOTICES.TXT",
        "lib/MonoAndroid10/_._",
        "lib/MonoTouch10/_._",
        "lib/net461/System.ValueTuple.dll",
        "lib/net461/System.ValueTuple.xml",
        "lib/net47/System.ValueTuple.dll",
        "lib/net47/System.ValueTuple.xml",
        "lib/netcoreapp2.0/_._",
        "lib/netstandard1.0/System.ValueTuple.dll",
        "lib/netstandard1.0/System.ValueTuple.xml",
        "lib/netstandard2.0/_._",
        "lib/portable-net40+sl4+win8+wp8/System.ValueTuple.dll",
        "lib/portable-net40+sl4+win8+wp8/System.ValueTuple.xml",
        "lib/uap10.0.16299/_._",
        "lib/xamarinios10/_._",
        "lib/xamarinmac20/_._",
        "lib/xamarintvos10/_._",
        "lib/xamarinwatchos10/_._",
        "ref/MonoAndroid10/_._",
        "ref/MonoTouch10/_._",
        "ref/net461/System.ValueTuple.dll",
        "ref/net47/System.ValueTuple.dll",
        "ref/netcoreapp2.0/_._",
        "ref/netstandard2.0/_._",
        "ref/portable-net40+sl4+win8+wp8/System.ValueTuple.dll",
        "ref/uap10.0.16299/_._",
        "ref/xamarinios10/_._",
        "ref/xamarinmac20/_._",
        "ref/xamarintvos10/_._",
        "ref/xamarinwatchos10/_._",
        "system.valuetuple.4.5.0.nupkg.sha512",
        "system.valuetuple.nuspec",
        "useSharedDesignerContext.txt",
        "version.txt"
      ]
    },
    "UiPath/20.4.7422.14731": {
      "sha512": "CqR1xMjUDARe5vWoBN1oCyPk5hEX++A3JMwX7Ywf3L3KVJ01d4oGH1SQReou/aOx1/ZRr8Wf3eoEJTtljUfDZg==",
      "type": "package",
      "path": "uipath/20.4.7422.14731",
      "files": [
        ".nupkg.metadata",
        ".signature.p7s",
        "build/UiPath.targets",
        "build/UiPath/BrowserNativeMessagingImpl.dll",
        "build/UiPath/EvtServer.exe",
        "build/UiPath/EvtServer_x64.exe",
        "build/UiPath/FuncServer_x64.exe",
        "build/UiPath/FuncServer_x86.exe",
        "build/UiPath/JavaSupport/UiPathBridge.jar",
        "build/UiPath/JavaSupport/UiPathJBIntruder.jar",
        "build/UiPath/JavaSupport/UiPathJBIntruderV8.jar",
        "build/UiPath/JavaSupport/UiPathJavaServiceProvider.jar",
        "build/UiPath/JavaSupport/UiPathV8.jar",
        "build/UiPath/JavaSupport/attach_x64/6/attach.dll",
        "build/UiPath/JavaSupport/attach_x64/7/attach.dll",
        "build/UiPath/JavaSupport/attach_x86/6/attach.dll",
        "build/UiPath/JavaSupport/attach_x86/7/attach.dll",
        "build/UiPath/JavaSupport/jaccess-1_2.jar",
        "build/UiPath/JavaSupport/jaccess-1_3.jar",
        "build/UiPath/JavaSupport/jaccess-1_4.jar",
        "build/UiPath/JavaSupport/jaccess.jar",
        "build/UiPath/JavaSupport/tools.jar",
        "build/UiPath/JavaSupport/toolsV8.jar",
        "build/UiPath/JavaSupport/xml-apis.jar",
        "build/UiPath/Resources/x32.manifest",
        "build/UiPath/Resources/x64.manifest",
        "build/UiPath/SLBroker.dll",
        "build/UiPath/SLBroker.xap",
        "build/UiPath/SLHook.dll",
        "build/UiPath/TCapture.dll",
        "build/UiPath/TCapture_x64.dll",
        "build/UiPath/UiPath.dll",
        "build/UiPath/UiPathJavaBridgeImplV8.dll",
        "build/UiPath/UiPathJavaBridgeImplV8_x64.dll",
        "build/UiPath/UiPathJavaBridgeV8.dll",
        "build/UiPath/UiPathJavaBridgeV8_x64.dll",
        "build/UiPath/UiPathRemote.exe",
        "build/UiPath/UiPathSLB.dll",
        "build/UiPath/UiPathSLB_x64.dll",
        "build/UiPath/UiPath_x64.dll",
        "build/UiPath/aahook.dll",
        "build/UiPath/aahook_x64.dll",
        "build/UiPath/libcurl_x64.dll",
        "build/UiPath/libcurl_x86.dll",
        "build/UiPath/slinject.exe",
        "lib/UiPath.Interop.dll",
        "uipath.20.4.7422.14731.nupkg.sha512",
        "uipath.nuspec"
      ]
    },
    "UiPath.Excel.Activities/2.8.5": {
      "sha512": "R6AX16M5OF5j1ZEe23X0fVJn5wy1rUb0Duux+C1giN3GQsIvQ0QInRpnbqGRFDRdT15uN7t8JCon0Gqf8euJVQ==",
      "type": "package",
      "path": "uipath.excel.activities/2.8.5",
      "files": [
        ".nupkg.metadata",
        ".signature.p7s",
        "lib/net461/UiPath.Excel.Activities.Design.dll",
        "lib/net461/UiPath.Excel.Activities.dll",
        "lib/net461/UiPath.Excel.dll",
        "lib/net461/de/UiPath.Excel.Activities.Design.resources.dll",
        "lib/net461/de/UiPath.Excel.Activities.resources.dll",
        "lib/net461/de/UiPath.Excel.resources.dll",
        "lib/net461/es-MX/UiPath.Excel.Activities.Design.resources.dll",
        "lib/net461/es-MX/UiPath.Excel.Activities.resources.dll",
        "lib/net461/es-MX/UiPath.Excel.resources.dll",
        "lib/net461/es/UiPath.Excel.Activities.Design.resources.dll",
        "lib/net461/es/UiPath.Excel.Activities.resources.dll",
        "lib/net461/es/UiPath.Excel.resources.dll",
        "lib/net461/fr/UiPath.Excel.Activities.Design.resources.dll",
        "lib/net461/fr/UiPath.Excel.Activities.resources.dll",
        "lib/net461/fr/UiPath.Excel.resources.dll",
        "lib/net461/ja/UiPath.Excel.Activities.Design.resources.dll",
        "lib/net461/ja/UiPath.Excel.Activities.resources.dll",
        "lib/net461/ja/UiPath.Excel.resources.dll",
        "lib/net461/ko/UiPath.Excel.Activities.Design.resources.dll",
        "lib/net461/ko/UiPath.Excel.Activities.resources.dll",
        "lib/net461/ko/UiPath.Excel.resources.dll",
        "lib/net461/pt-BR/UiPath.Excel.Activities.Design.resources.dll",
        "lib/net461/pt-BR/UiPath.Excel.Activities.resources.dll",
        "lib/net461/pt-BR/UiPath.Excel.resources.dll",
        "lib/net461/pt/UiPath.Excel.Activities.Design.resources.dll",
        "lib/net461/pt/UiPath.Excel.Activities.resources.dll",
        "lib/net461/pt/UiPath.Excel.resources.dll",
        "lib/net461/ru/UiPath.Excel.Activities.Design.resources.dll",
        "lib/net461/ru/UiPath.Excel.Activities.resources.dll",
        "lib/net461/ru/UiPath.Excel.resources.dll",
        "lib/net461/tr/UiPath.Excel.Activities.Design.resources.dll",
        "lib/net461/tr/UiPath.Excel.Activities.resources.dll",
        "lib/net461/tr/UiPath.Excel.resources.dll",
        "lib/net461/zh-CN/UiPath.Excel.Activities.Design.resources.dll",
        "lib/net461/zh-CN/UiPath.Excel.Activities.resources.dll",
        "lib/net461/zh-CN/UiPath.Excel.resources.dll",
        "uipath.excel.activities.2.8.5.nupkg.sha512",
        "uipath.excel.activities.nuspec"
      ]
    },
    "UiPath.OCR.Contracts/2.6.0": {
      "sha512": "0Tv26CBTQin1onkfqBH5+U+7ZEzGIakBr58bf3S+wXKbwQidTLEIR/f/jEGd5gxUxMXsq8k8jzJJo0swb0x0MA==",
      "type": "package",
      "path": "uipath.ocr.contracts/2.6.0",
      "files": [
        ".nupkg.metadata",
        ".signature.p7s",
        "lib/net461/UiPath.OCR.Contracts.dll",
        "uipath.ocr.contracts.2.6.0.nupkg.sha512",
        "uipath.ocr.contracts.nuspec"
      ]
    },
    "UiPath.Platform/20.4.0": {
      "sha512": "eope+VluZfnamlioK8bdWQ88I270B9/slRnRQMBXqxYR842U8hjJI+OMcTley0UaVCEgIzx4TvfY0Aolt14i2A==",
      "type": "package",
      "path": "uipath.platform/20.4.0",
      "files": [
        ".nupkg.metadata",
        ".signature.p7s",
        "lib/net461/UiPath.Platform.dll",
        "uipath.platform.20.4.0.nupkg.sha512",
        "uipath.platform.nuspec"
      ]
    },
    "UiPath.System.Activities/20.4.0": {
      "sha512": "qIQOD9X8kBwsaFspgLaWlywUfuoUXl6+Sbj3h7CZqkGcSJDBP+FkVZyrZR7mzieKLtsE2JFCMoHTmw0+Iz5eHQ==",
      "type": "package",
      "path": "uipath.system.activities/20.4.0",
      "files": [
        ".nupkg.metadata",
        ".signature.p7s",
        "lib/net461/ActiproSoftware.Docking.Wpf.dll",
        "lib/net461/ActiproSoftware.Ribbon.Wpf.dll",
        "lib/net461/ActiproSoftware.Shared.Wpf.dll",
        "lib/net461/ActiproSoftware.SyntaxEditor.Addons.DotNet.Wpf.dll",
        "lib/net461/ActiproSoftware.SyntaxEditor.Wpf.dll",
        "lib/net461/ActiproSoftware.Text.Addons.DotNet.Wpf.dll",
        "lib/net461/ActiproSoftware.Text.LLParser.Wpf.dll",
        "lib/net461/ActiproSoftware.Text.Wpf.dll",
        "lib/net461/ActiproSoftware.Wizard.Wpf.dll",
        "lib/net461/CustomInputForm.exe",
        "lib/net461/UiPath.OrchestratorClient.dll",
        "lib/net461/UiPath.System.Activities.Design.dll",
        "lib/net461/UiPath.System.Activities.dll",
        "lib/net461/de/UiPath.System.Activities.Design.resources.dll",
        "lib/net461/de/UiPath.System.Activities.resources.dll",
        "lib/net461/es-MX/UiPath.System.Activities.Design.resources.dll",
        "lib/net461/es-MX/UiPath.System.Activities.resources.dll",
        "lib/net461/es/UiPath.System.Activities.Design.resources.dll",
        "lib/net461/es/UiPath.System.Activities.resources.dll",
        "lib/net461/fr/UiPath.System.Activities.Design.resources.dll",
        "lib/net461/fr/UiPath.System.Activities.resources.dll",
        "lib/net461/ja/UiPath.System.Activities.Design.resources.dll",
        "lib/net461/ja/UiPath.System.Activities.resources.dll",
        "lib/net461/ko/UiPath.System.Activities.Design.resources.dll",
        "lib/net461/ko/UiPath.System.Activities.resources.dll",
        "lib/net461/pt-BR/UiPath.System.Activities.Design.resources.dll",
        "lib/net461/pt-BR/UiPath.System.Activities.resources.dll",
        "lib/net461/pt/UiPath.System.Activities.Design.resources.dll",
        "lib/net461/pt/UiPath.System.Activities.resources.dll",
        "lib/net461/ru/UiPath.System.Activities.Design.resources.dll",
        "lib/net461/ru/UiPath.System.Activities.resources.dll",
        "lib/net461/tr/UiPath.System.Activities.Design.resources.dll",
        "lib/net461/tr/UiPath.System.Activities.resources.dll",
        "lib/net461/zh-CN/UiPath.System.Activities.Design.resources.dll",
        "lib/net461/zh-CN/UiPath.System.Activities.resources.dll",
        "uipath.system.activities.20.4.0.nupkg.sha512",
        "uipath.system.activities.nuspec"
      ]
    },
    "UiPath.Telemetry.Client/1.1.51": {
      "sha512": "DGvVjdTPO81fqeWgQS9SwHGNQHuXa1yuxWkQ+HxwUZZNPKwzzz3UPLxdIHdddl1bbySRDN79+x6Z87Hwmfxc4g==",
      "type": "package",
      "path": "uipath.telemetry.client/1.1.51",
      "files": [
        ".nupkg.metadata",
        ".signature.p7s",
        "lib/net461/TelemetryClient.dll",
        "lib/net461/TelemetryClient.pdb",
        "lib/netstandard2.0/TelemetryClient.dll",
        "lib/netstandard2.0/TelemetryClient.pdb",
        "uipath.telemetry.client.1.1.51.nupkg.sha512",
        "uipath.telemetry.client.nuspec"
      ]
    },
    "UiPath.UIAutomation.Activities/20.4.1": {
      "sha512": "GZrAD0g/APqrYsuseW1XKCKqWKZLHrDS82dmai3wgq5PdeCECN0PWGX/wVGegOQEsck+U/n3eLjDlpaf4qcWtg==",
      "type": "package",
      "path": "uipath.uiautomation.activities/20.4.1",
      "files": [
        ".nupkg.metadata",
        ".signature.p7s",
        "AllDependencies.json",
        "UiAutomationActivities.nuget.props",
        "build/ActiproSoftware.DataGrid.Contrib.Wpf.dll",
        "build/ActiproSoftware.Docking.Wpf.dll",
        "build/ActiproSoftware.Editors.Wpf.dll",
        "build/ActiproSoftware.Ribbon.Wpf.dll",
        "build/ActiproSoftware.Shared.Wpf.dll",
        "build/ActiproSoftware.SyntaxEditor.Addons.DotNet.Wpf.dll",
        "build/ActiproSoftware.SyntaxEditor.Wpf.dll",
        "build/ActiproSoftware.Text.Addons.DotNet.Wpf.dll",
        "build/ActiproSoftware.Text.LLParser.Wpf.dll",
        "build/ActiproSoftware.Text.Wpf.dll",
        "build/ActiproSoftware.Wizard.Wpf.dll",
        "build/ICSharpCode.AvalonEdit.dll",
        "build/System.ValueTuple.dll",
        "build/UiExplorer.exe",
        "build/UiExplorer.exe.config",
        "build/UiExplorer_x64.exe",
        "build/UiExplorer_x64.exe.config",
        "build/UiPath.Activities.Contracts.dll",
        "build/UiPath.UIAutomation.Activities.Design.dll",
        "build/UiPath.UiAutomation.Activities.dll",
        "build/de/UiExplorer.resources.dll",
        "build/de/UiPath.UIAutomation.Activities.Design.resources.dll",
        "build/de/UiPath.UiAutomation.Activities.resources.dll",
        "build/es-MX/UiExplorer.resources.dll",
        "build/es-MX/UiPath.UIAutomation.Activities.Design.resources.dll",
        "build/es-MX/UiPath.UiAutomation.Activities.resources.dll",
        "build/es/UiExplorer.resources.dll",
        "build/es/UiPath.UIAutomation.Activities.Design.resources.dll",
        "build/es/UiPath.UiAutomation.Activities.resources.dll",
        "build/fr/UiExplorer.resources.dll",
        "build/fr/UiPath.UIAutomation.Activities.Design.resources.dll",
        "build/fr/UiPath.UiAutomation.Activities.resources.dll",
        "build/ja/UiExplorer.resources.dll",
        "build/ja/UiPath.UIAutomation.Activities.Design.resources.dll",
        "build/ja/UiPath.UiAutomation.Activities.resources.dll",
        "build/ko/UiExplorer.resources.dll",
        "build/ko/UiPath.UIAutomation.Activities.Design.resources.dll",
        "build/ko/UiPath.UiAutomation.Activities.resources.dll",
        "build/pt-BR/UiExplorer.resources.dll",
        "build/pt-BR/UiPath.UIAutomation.Activities.Design.resources.dll",
        "build/pt-BR/UiPath.UiAutomation.Activities.resources.dll",
        "build/pt/UiExplorer.resources.dll",
        "build/pt/UiPath.UIAutomation.Activities.Design.resources.dll",
        "build/pt/UiPath.UiAutomation.Activities.resources.dll",
        "build/ru/UiExplorer.resources.dll",
        "build/ru/UiPath.UIAutomation.Activities.Design.resources.dll",
        "build/ru/UiPath.UiAutomation.Activities.resources.dll",
        "build/tr/UiExplorer.resources.dll",
        "build/tr/UiPath.UIAutomation.Activities.Design.resources.dll",
        "build/tr/UiPath.UiAutomation.Activities.resources.dll",
        "build/zh-CN/UiExplorer.resources.dll",
        "build/zh-CN/UiPath.UIAutomation.Activities.Design.resources.dll",
        "build/zh-CN/UiPath.UiAutomation.Activities.resources.dll",
        "lib/net461/ActiproSoftware.DataGrid.Contrib.Wpf.dll",
        "lib/net461/ActiproSoftware.Docking.Wpf.dll",
        "lib/net461/ActiproSoftware.Editors.Wpf.dll",
        "lib/net461/ActiproSoftware.Ribbon.Wpf.dll",
        "lib/net461/ActiproSoftware.Shared.Wpf.dll",
        "lib/net461/ActiproSoftware.SyntaxEditor.Addons.DotNet.Wpf.dll",
        "lib/net461/ActiproSoftware.SyntaxEditor.Wpf.dll",
        "lib/net461/ActiproSoftware.Text.Addons.DotNet.Wpf.dll",
        "lib/net461/ActiproSoftware.Text.LLParser.Wpf.dll",
        "lib/net461/ActiproSoftware.Text.Wpf.dll",
        "lib/net461/ActiproSoftware.Wizard.Wpf.dll",
        "lib/net461/UiPath.CV.Activities.Design.dll",
        "lib/net461/UiPath.CV.Activities.dll",
        "lib/net461/UiPath.CV.dll",
        "lib/net461/UiPath.UIAutomation.Activities.Design.dll",
        "lib/net461/UiPath.UiAutomation.Activities.dll",
        "lib/net461/UiPath.Wizards.dll",
        "lib/net461/de/UiPath.CV.Activities.Design.resources.dll",
        "lib/net461/de/UiPath.CV.Activities.resources.dll",
        "lib/net461/de/UiPath.CV.resources.dll",
        "lib/net461/de/UiPath.UIAutomation.Activities.Design.resources.dll",
        "lib/net461/de/UiPath.UiAutomation.Activities.resources.dll",
        "lib/net461/de/UiPath.Wizards.resources.dll",
        "lib/net461/es-MX/UiPath.CV.Activities.Design.resources.dll",
        "lib/net461/es-MX/UiPath.CV.Activities.resources.dll",
        "lib/net461/es-MX/UiPath.CV.resources.dll",
        "lib/net461/es-MX/UiPath.UIAutomation.Activities.Design.resources.dll",
        "lib/net461/es-MX/UiPath.UiAutomation.Activities.resources.dll",
        "lib/net461/es-MX/UiPath.Wizards.resources.dll",
        "lib/net461/es/UiPath.CV.Activities.Design.resources.dll",
        "lib/net461/es/UiPath.CV.Activities.resources.dll",
        "lib/net461/es/UiPath.CV.resources.dll",
        "lib/net461/es/UiPath.UIAutomation.Activities.Design.resources.dll",
        "lib/net461/es/UiPath.UiAutomation.Activities.resources.dll",
        "lib/net461/es/UiPath.Wizards.resources.dll",
        "lib/net461/fr/UiPath.CV.Activities.Design.resources.dll",
        "lib/net461/fr/UiPath.CV.Activities.resources.dll",
        "lib/net461/fr/UiPath.CV.resources.dll",
        "lib/net461/fr/UiPath.UIAutomation.Activities.Design.resources.dll",
        "lib/net461/fr/UiPath.UiAutomation.Activities.resources.dll",
        "lib/net461/fr/UiPath.Wizards.resources.dll",
        "lib/net461/ja/UiPath.CV.Activities.Design.resources.dll",
        "lib/net461/ja/UiPath.CV.Activities.resources.dll",
        "lib/net461/ja/UiPath.CV.resources.dll",
        "lib/net461/ja/UiPath.UIAutomation.Activities.Design.resources.dll",
        "lib/net461/ja/UiPath.UiAutomation.Activities.resources.dll",
        "lib/net461/ja/UiPath.Wizards.resources.dll",
        "lib/net461/ko/UiPath.CV.Activities.Design.resources.dll",
        "lib/net461/ko/UiPath.CV.Activities.resources.dll",
        "lib/net461/ko/UiPath.CV.resources.dll",
        "lib/net461/ko/UiPath.UIAutomation.Activities.Design.resources.dll",
        "lib/net461/ko/UiPath.UiAutomation.Activities.resources.dll",
        "lib/net461/ko/UiPath.Wizards.resources.dll",
        "lib/net461/pt-BR/UiPath.CV.Activities.Design.resources.dll",
        "lib/net461/pt-BR/UiPath.CV.Activities.resources.dll",
        "lib/net461/pt-BR/UiPath.CV.resources.dll",
        "lib/net461/pt-BR/UiPath.UIAutomation.Activities.Design.resources.dll",
        "lib/net461/pt-BR/UiPath.UiAutomation.Activities.resources.dll",
        "lib/net461/pt-BR/UiPath.Wizards.resources.dll",
        "lib/net461/pt/UiPath.CV.Activities.Design.resources.dll",
        "lib/net461/pt/UiPath.CV.Activities.resources.dll",
        "lib/net461/pt/UiPath.CV.resources.dll",
        "lib/net461/pt/UiPath.UIAutomation.Activities.Design.resources.dll",
        "lib/net461/pt/UiPath.UiAutomation.Activities.resources.dll",
        "lib/net461/pt/UiPath.Wizards.resources.dll",
        "lib/net461/ru/UiPath.CV.Activities.Design.resources.dll",
        "lib/net461/ru/UiPath.CV.Activities.resources.dll",
        "lib/net461/ru/UiPath.CV.resources.dll",
        "lib/net461/ru/UiPath.UIAutomation.Activities.Design.resources.dll",
        "lib/net461/ru/UiPath.UiAutomation.Activities.resources.dll",
        "lib/net461/ru/UiPath.Wizards.resources.dll",
        "lib/net461/tr/UiPath.CV.Activities.Design.resources.dll",
        "lib/net461/tr/UiPath.CV.Activities.resources.dll",
        "lib/net461/tr/UiPath.CV.resources.dll",
        "lib/net461/tr/UiPath.UIAutomation.Activities.Design.resources.dll",
        "lib/net461/tr/UiPath.UiAutomation.Activities.resources.dll",
        "lib/net461/tr/UiPath.Wizards.resources.dll",
        "lib/net461/zh-CN/UiPath.CV.Activities.Design.resources.dll",
        "lib/net461/zh-CN/UiPath.CV.Activities.resources.dll",
        "lib/net461/zh-CN/UiPath.CV.resources.dll",
        "lib/net461/zh-CN/UiPath.UIAutomation.Activities.Design.resources.dll",
        "lib/net461/zh-CN/UiPath.UiAutomation.Activities.resources.dll",
        "lib/net461/zh-CN/UiPath.Wizards.resources.dll",
        "nuget.cache",
        "uipath.uiautomation.activities.20.4.1.nupkg.sha512",
        "uipath.uiautomation.activities.nuspec"
      ]
    },
    "UiPath.Vision/2.0.3": {
      "sha512": "tl1L/gV0kAAal7n+I/3XWcG3yRQES98J/lJ2u2Vanq9h1eqG0BoFw2MMCqTwRzO8n/0CVCbLLjn5V/OYfaQv7A==",
      "type": "package",
      "path": "uipath.vision/2.0.3",
      "files": [
        ".nupkg.metadata",
        ".signature.p7s",
        "build/AForge.Imaging.dll",
        "build/AForge.Math.dll",
        "build/AForge.dll",
        "build/BouncyCastle.Crypto.dll",
        "build/Emgu.CV.World.dll",
        "build/Google.Api.CommonProtos.dll",
        "build/Google.Api.Gax.Grpc.dll",
        "build/Google.Api.Gax.dll",
        "build/Google.Apis.Auth.PlatformServices.dll",
        "build/Google.Apis.Auth.dll",
        "build/Google.Apis.Core.dll",
        "build/Google.Apis.PlatformServices.dll",
        "build/Google.Apis.dll",
        "build/Google.Cloud.Vision.V1.dll",
        "build/Google.LongRunning.dll",
        "build/Google.Protobuf.dll",
        "build/Grpc.Auth.dll",
        "build/Grpc.Core.dll",
        "build/Microsoft.Azure.CognitiveServices.Vision.ComputerVision.dll",
        "build/Microsoft.ProjectOxford.Vision.dll",
        "build/Microsoft.Rest.ClientRuntime.Azure.dll",
        "build/Microsoft.Rest.ClientRuntime.dll",
        "build/NLog.dll",
        "build/Newtonsoft.Json.dll",
        "build/System.Collections.Immutable.dll",
        "build/System.Interactive.Async.dll",
        "build/System.ValueTuple.dll",
        "build/UiPath.OCR.Contracts.dll",
        "build/UiPath.Vision.AzureComputerVision.dll",
        "build/UiPath.Vision.Core.dll",
        "build/UiPath.Vision.GoogleCloud.dll",
        "build/UiPath.Vision.Host32.exe",
        "build/UiPath.Vision.Host32.exe.config",
        "build/UiPath.Vision.Microsoft.dll",
        "build/UiPath.Vision.MicrosoftCloud.dll",
        "build/UiPath.Vision.Tesseract.dll",
        "build/UiPath.Vision.dll",
        "build/ZedGraph.dll",
        "build/grpc_csharp_ext.x64.dll",
        "build/grpc_csharp_ext.x86.dll",
        "build/nlog.config",
        "build/tessdata/eng.traineddata",
        "build/x86/concrt140.dll",
        "build/x86/cvextern.dll",
        "build/x86/msvcp140.dll",
        "build/x86/opencv_ffmpeg341.dll",
        "build/x86/tbb.dll",
        "build/x86/vcruntime140.dll",
        "lib/net461/UiPath.Vision.AzureComputerVision.dll",
        "lib/net461/UiPath.Vision.Core.dll",
        "lib/net461/UiPath.Vision.GoogleCloud.dll",
        "lib/net461/UiPath.Vision.Host32.exe",
        "lib/net461/UiPath.Vision.Microsoft.dll",
        "lib/net461/UiPath.Vision.MicrosoftCloud.dll",
        "lib/net461/UiPath.Vision.Tesseract.dll",
        "lib/net461/UiPath.Vision.dll",
        "uipath.vision.2.0.3.nupkg.sha512",
        "uipath.vision.nuspec"
      ]
    }
  },
  "projectFileDependencyGroups": {
    "": [],
    ".NETFramework,Version=v4.6.1": [
      "UiPath.Excel.Activities >= 2.8.5 <= 2.8.5",
      "UiPath.System.Activities >= 20.4.0 <= 20.4.0",
      "UiPath.UIAutomation.Activities >= 20.4.1 <= 20.4.1"
    ]
  },
  "packageFolders": {
    "C:\\Users\\salcef1.DL-ITALY\\.nuget\\packages\\": {}
  },
  "project": {
    "restore": {
      "projectUniqueName": "CARD1_Guidewire_Downloader",
      "projectName": "CARD1_Guidewire_Downloader",
      "projectPath": "C:\\Users\\salcef1.DL-ITALY\\Documents\\UiPath\\CARD1_Guidewire_Downloader\\.local",
      "packagesPath": "C:\\Users\\salcef1.DL-ITALY\\.nuget\\packages\\",
      "outputPath": "C:\\Users\\salcef1.DL-ITALY\\Documents\\UiPath\\CARD1_Guidewire_Downloader\\.local"
    },
    "frameworks": {
      "net461": {
        "dependencies": {
          "UiPath.Excel.Activities": {
            "include": "Runtime",
            "target": "Package",
            "version": "[2.8.5, 2.8.5]"
          },
          "UiPath.System.Activities": {
            "include": "Runtime",
            "target": "Package",
            "version": "[20.4.0, 20.4.0]"
          },
          "UiPath.UIAutomation.Activities": {
            "include": "Runtime",
            "target": "Package",
            "version": "[20.4.1, 20.4.1]"
          }
        }
      }
    }
  }
}