{"ProjectBreakpoints":"{\"Value\":{\"Get in queue and self-assign.xaml\":[{\"ConditionalExpression\":null,\"ActionExpression\":null,\"ExpectedHitCounter\":null,\"ShouldContinueAfterAction\":false,\"IsEnabled\":false,\"ActivityIdRef\":\"GetValue_9\",\"ActivityId\":null,\"ActivityName\":\"Get Text 'INPUT '\"},{\"ConditionalExpression\":null,\"ActionExpression\":null,\"ExpectedHitCounter\":null,\"ShouldContinueAfterAction\":false,\"IsEnabled\":true,\"ActivityIdRef\":\"Click_7\",\"ActivityId\":\"1.13\",\"ActivityName\":\"Click 'A '\"}],\"Main.xaml\":[{\"ConditionalExpression\":null,\"ActionExpression\":null,\"ExpectedHitCounter\":null,\"ShouldContinueAfterAction\":false,\"IsEnabled\":true,\"ActivityIdRef\":\"InvokeWorkflowFile_5\",\"ActivityId\":\"1.26\",\"ActivityName\":\"Invoke InitiAllApplications workflow\"},{\"ConditionalExpression\":null,\"ActionExpression\":null,\"ExpectedHitCounter\":null,\"ShouldContinueAfterAction\":false,\"IsEnabled\":true,\"ActivityIdRef\":\"InvokeWorkflowFile_26\",\"ActivityId\":\"1.22\",\"ActivityName\":\"Invoke Get in queue and self-assign workflow\"}]}}","OpenedDocuments":"[\"Process.xaml\",\"Main.xaml\"]","ProjectWatches":"{\"Value\":[{\"Id\":\"9a065e08-6fe7-437c-a709-4f5fb8887bfe\",\"Expression\":\"index\"}]}"}